Customer_ID,Name,Email,Phone,City,Country
1,James York,James@gmail.com,1212121212,Port Angela,Moldova
2,Melissa Curtis,Melissa@gmail.com,1212121212,Ashleyport,Monaco
3,Brianna Fischer,Brianna@gmail.com,1212121212,Angelatown,Gibraltar
4,Shane Klein,Shane@gmail.com,1212121212,West Billymouth,Cote d'Ivoire
5,Michelle Myers,Michelle@gmail.com,1212121212,Davidview,Netherlands Antilles
6,Patrick Rivera,Patrick@gmail.com,1212121212,Lake Elizabethborough,Comoros
7,Michelle Guzman,Michelle@gmail.com,1212121212,Ericaton,Suriname
8,Lauren Andrews,Lauren@gmail.com,1212121212,South Joshualand,Tokelau
9,Tara Austin,Tara@gmail.com,1212121212,Lake Hunterstad,Haiti
10,Timothy Moore,Timothy@gmail.com,1212121212,Vincentburgh,El Salvador
11,Brittany Young,Brittany@gmail.com,1212121212,Thomasbury,Saint Kitts and Nevis
12,Jennifer Dominguez,Jennifer@gmail.com,1212121212,Susanland,Jamaica
13,Gerald Miranda,Gerald@gmail.com,1212121212,North Brian,Heard Island and McDonald Islands
14,Valerie Barnes,Valerie@gmail.com,1212121212,North Vickistad,Egypt
15,Melanie Kelly,Melanie@gmail.com,1212121212,East Karenmouth,Ukraine
16,Andrew Figueroa,Andrew@gmail.com,1212121212,New Veronicaside,Macedonia
17,Christine Burton,Christine@gmail.com,1212121212,Richardsonbury,Latvia
18,Carolyn Berry,Carolyn@gmail.com,1212121212,Lake Ericchester,Tunisia
19,Mark Ross,Mark@gmail.com,1212121212,New David,Luxembourg
20,William Hunt,William@gmail.com,1212121212,North Josehaven,American Samoa
21,Jennifer Pacheco,Jennifer@gmail.com,1212121212,Lake Stephen,Pakistan
22,Stephanie Martinez,Stephanie@gmail.com,1212121212,Jessicamouth,Singapore
23,Spencer Rivera,Spencer@gmail.com,1212121212,Joshuabury,Grenada
24,Jonathan Hampton,Jonathan@gmail.com,1212121212,Byrdville,Slovakia (Slovak Republic)
25,Stephanie Martinez,Stephanie@gmail.com,1212121212,Aprilshire,Zimbabwe
26,Joseph Boyd,Joseph@gmail.com,1212121212,Derekview,Mauritania
27,Anthony Young,Anthony@gmail.com,1212121212,East Chelsea,Cook Islands
28,Carolyn Tate,Carolyn@gmail.com,1212121212,East Melanie,Saint Vincent and the Grenadines
29,Holly Pratt,Holly@gmail.com,1212121212,Lake Thomas,Italy
30,Sandra Davis,Sandra@gmail.com,1212121212,Tiffanyland,Netherlands
31,Mary Vasquez DDS,Mary@gmail.com,1212121212,Lake Melissa,Turkey
32,Kimberly Vega,Kimberly@gmail.com,1212121212,Daniellestad,Svalbard & Jan Mayen Islands
33,David Hart,David@gmail.com,1212121212,Thompsonfurt,Canada
34,Anna Green,Anna@gmail.com,1212121212,East Jennifertown,New Caledonia
35,Mrs. Emily Williams,Mrs@gmail.com,1212121212,East Antonioton,Cook Islands
36,Vanessa Kennedy,Vanessa@gmail.com,1212121212,Ryanville,Afghanistan
37,Rebecca Baldwin,Rebecca@gmail.com,1212121212,East Stephen,Macedonia
38,Brandon Dunn,Brandon@gmail.com,1212121212,East Lindsey,Saint Kitts and Nevis
39,James Brewer,James@gmail.com,1212121212,Chandlerberg,Mongolia
40,Crystal Pierce,Crystal@gmail.com,1212121212,Port Davidhaven,Denmark
41,Jasmine Garner,Jasmine@gmail.com,1212121212,North Kimberlyland,Croatia
42,Veronica Lee,Veronica@gmail.com,1212121212,East Jessicafurt,Heard Island and McDonald Islands
43,Yvonne Martin,Yvonne@gmail.com,1212121212,West Amanda,Cuba
44,Kim Turner,Kim@gmail.com,1212121212,South Rachelview,Cambodia
45,Stacy Mendoza,Stacy@gmail.com,1212121212,Pamelaland,New Zealand
46,Rodney Young,Rodney@gmail.com,1212121212,New Shannon,Palestinian Territory
47,April Anderson,April@gmail.com,1212121212,Micheleborough,Guyana
48,Joseph Roth,Joseph@gmail.com,1212121212,Matthewstad,Nepal
49,Jacqueline Owens,Jacqueline@gmail.com,1212121212,Lake Cynthia,Angola
50,Travis Harper,Travis@gmail.com,1212121212,West Brendachester,Pitcairn Islands
51,Shari Schmidt,Shari@gmail.com,1212121212,Lake Edward,Slovenia
52,Linda Reid,Linda@gmail.com,1212121212,Frenchburgh,New Zealand
53,Brandon Hall,Brandon@gmail.com,1212121212,North Ronniestad,Puerto Rico
54,Emily Wilkerson,Emily@gmail.com,1212121212,Parkerside,Zimbabwe
55,Michael Park,Michael@gmail.com,1212121212,East Robert,Zimbabwe
56,Alexis Frye,Alexis@gmail.com,1212121212,Jenniferberg,Gibraltar
57,Benjamin Medina,Benjamin@gmail.com,1212121212,Larrychester,Mali
58,Vincent Cummings,Vincent@gmail.com,1212121212,Stacymouth,Monaco
59,Heather Melendez,Heather@gmail.com,1212121212,West Angelaview,Gabon
60,Amanda Hicks,Amanda@gmail.com,1212121212,New Melindamouth,Bermuda
61,Elizabeth Romero,Elizabeth@gmail.com,1212121212,Port Dianaville,Grenada
62,Shane Chang,Shane@gmail.com,1212121212,Ramosstad,Liechtenstein
63,Ebony Ramos,Ebony@gmail.com,1212121212,North Stephenmouth,Tajikistan
64,Cynthia Cooper,Cynthia@gmail.com,1212121212,Wrightfurt,Philippines
65,Andrea Cortez,Andrea@gmail.com,1212121212,Garciaberg,Mexico
66,Nicholas Gonzalez,Nicholas@gmail.com,1212121212,Tamarafurt,Iran
67,Melanie Parker,Melanie@gmail.com,1212121212,Phelpsborough,Uganda
68,Corey Wells,Corey@gmail.com,1212121212,East David,Zambia
69,Ruth Mckay,Ruth@gmail.com,1212121212,Cochranshire,Jordan
70,John Hanson,John@gmail.com,1212121212,Kaylafurt,Dominican Republic
71,Gabrielle Parks,Gabrielle@gmail.com,1212121212,Andersenview,Congo
72,Rhonda Norton,Rhonda@gmail.com,1212121212,South Timothy,Tajikistan
73,Andrew Wells,Andrew@gmail.com,1212121212,Bookerbury,Guadeloupe
74,Craig Mcdowell,Craig@gmail.com,1212121212,Sergiomouth,Timor-Leste
75,Maurice Moore,Maurice@gmail.com,1212121212,Flowersland,Algeria
76,Ashley Perez,Ashley@gmail.com,1212121212,Elizabethshire,United States Minor Outlying Islands
77,Marcus Frazier,Marcus@gmail.com,1212121212,West Kevin,Iraq
78,Dale Johnson,Dale@gmail.com,1212121212,New Keithville,Anguilla
79,Mary Hart,Mary@gmail.com,1212121212,Smithmouth,Slovakia (Slovak Republic)
80,Stephanie Barrett,Stephanie@gmail.com,1212121212,East Melissaberg,Cayman Islands
81,Andrew Murray,Andrew@gmail.com,1212121212,North Joseph,Western Sahara
82,James Harrison,James@gmail.com,1212121212,Dominguezstad,Saint Martin
83,Kiara Blankenship MD,Kiara@gmail.com,1212121212,Brandimouth,Belarus
84,Melissa Frey,Melissa@gmail.com,1212121212,Erikaberg,Bahamas
85,Lisa Tucker,Lisa@gmail.com,1212121212,Port Trevorchester,Jamaica
86,James Ramirez,James@gmail.com,1212121212,Maxwelltown,Canada
87,Harold Burns,Harold@gmail.com,1212121212,Lake Hannahton,Tonga
88,Steven Brown,Steven@gmail.com,1212121212,Elliottfort,Cameroon
89,Kevin Woodward,Kevin@gmail.com,1212121212,Lake Karen,Hungary
90,Christopher Rogers,Christopher@gmail.com,1212121212,Lake Aaronstad,Micronesia
91,Nancy Ramirez,Nancy@gmail.com,1212121212,New Tammy,Vietnam
92,Mark Knight,Mark@gmail.com,1212121212,New Shelby,South Georgia and the South Sandwich Islands
93,Crystal Miller,Crystal@gmail.com,1212121212,Sheltonton,Cuba
94,Christopher Benson,Christopher@gmail.com,1212121212,Toddchester,Tajikistan
95,Mary Mason,Mary@gmail.com,1212121212,Johnport,Bosnia and Herzegovina
96,Julie Smith,Julie@gmail.com,1212121212,Freemanland,Vanuatu
97,Lisa Duran,Lisa@gmail.com,1212121212,Lake Tyler,Korea
98,Heather Thomas,Heather@gmail.com,1212121212,New Michaelview,Turkmenistan
99,Ashley Gilmore,Ashley@gmail.com,1212121212,South Taylor,Costa Rica
100,Jason Parker,Jason@gmail.com,1212121212,Danielview,Bangladesh
101,Heather Ward,Heather@gmail.com,1212121212,Robertsview,Panama
102,Daniel Andrews,Daniel@gmail.com,1212121212,East Timothy,Micronesia
103,Dustin Mendez Jr.,Dustin@gmail.com,1212121212,Shanebury,Antigua and Barbuda
104,Catherine Wilkins,Catherine@gmail.com,1212121212,Mendezburgh,Australia
105,Suzanne Marquez,Suzanne@gmail.com,1212121212,South Katie,Macedonia
106,Mary Baird,Mary@gmail.com,1212121212,Port Gary,Poland
107,David Hale,David@gmail.com,1212121212,Richardburgh,Greece
108,Anthony Mcknight,Anthony@gmail.com,1212121212,Port Tanya,New Zealand
109,Dustin Ramirez,Dustin@gmail.com,1212121212,Ryanhaven,Spain
110,Eric Vincent,Eric@gmail.com,1212121212,South Christopherberg,Jamaica
111,Adam Anthony,Adam@gmail.com,1212121212,Christinaport,Vanuatu
112,Allison Hawkins,Allison@gmail.com,1212121212,Lake Patrick,Bhutan
113,Joshua Bass,Joshua@gmail.com,1212121212,Christinamouth,Bulgaria
114,Tanya Morales,Tanya@gmail.com,1212121212,Buckbury,Puerto Rico
115,Pamela Gordon,Pamela@gmail.com,1212121212,East Richardburgh,Yemen
116,Kenneth Cohen,Kenneth@gmail.com,1212121212,Robinmouth,Burundi
117,Thomas Garcia,Thomas@gmail.com,1212121212,Michaelview,Sri Lanka
118,Tiffany Roth,Tiffany@gmail.com,1212121212,South Deborah,Saint Martin
119,Tara Duncan,Tara@gmail.com,1212121212,Port Anthonyland,Australia
120,Shawn Gonzales,Shawn@gmail.com,1212121212,Port Martin,Cayman Islands
121,Susan Patel,Susan@gmail.com,1212121212,New Misty,Senegal
122,Christie Sullivan,Christie@gmail.com,1212121212,Josephstad,Benin
123,Anthony Kane,Anthony@gmail.com,1212121212,Port Josephmouth,Congo
124,Darrell Khan,Darrell@gmail.com,1212121212,Austinfort,Montenegro
125,Justin Donaldson,Justin@gmail.com,1212121212,Petersonbury,Syrian Arab Republic
126,Robert Short,Robert@gmail.com,1212121212,South John,Switzerland
127,Julie Shaw,Julie@gmail.com,1212121212,Lake Jay,Honduras
128,Rebecca Cruz,Rebecca@gmail.com,1212121212,Emilymouth,Austria
129,Jacqueline Ballard,Jacqueline@gmail.com,1212121212,North Jacquelinefurt,Guadeloupe
130,Shannon Santos,Shannon@gmail.com,1212121212,Hessshire,Malta
131,Kevin Garcia,Kevin@gmail.com,1212121212,Port Stacy,Saint Kitts and Nevis
132,Marie Miller,Marie@gmail.com,1212121212,Kendraport,Cape Verde
133,Diane Clark,Diane@gmail.com,1212121212,North Michael,Samoa
134,Denise Hall,Denise@gmail.com,1212121212,Jimmyhaven,Germany
135,Kurt Greer,Kurt@gmail.com,1212121212,East Stephaniefort,India
136,Dylan Ryan,Dylan@gmail.com,1212121212,Port Andreaborough,Faroe Islands
137,Carrie Perez,Carrie@gmail.com,1212121212,Kennethland,Hungary
138,Carrie Martin,Carrie@gmail.com,1212121212,Hamiltonfurt,Lithuania
139,Darren Taylor,Darren@gmail.com,1212121212,Lake Kristen,Guinea
140,Joseph Davis,Joseph@gmail.com,1212121212,Carolyntown,Panama
141,Roberto Martinez,Roberto@gmail.com,1212121212,Patriciaville,Mauritius
142,Michelle Jackson,Michelle@gmail.com,1212121212,South Eric,Armenia
143,Erika Gray,Erika@gmail.com,1212121212,Melissaland,Norfolk Island
144,Scott Oconnell,Scott@gmail.com,1212121212,Natashaville,China
145,Mary Winters,Mary@gmail.com,1212121212,Evanshaven,Bahamas
146,Manuel Guzman,Manuel@gmail.com,1212121212,Orrview,Mexico
147,Bradley Moore,Bradley@gmail.com,1212121212,Paulaland,Djibouti
148,Michael Reese,Michael@gmail.com,1212121212,Jaclynfurt,Saint Martin
149,Mr. Hector Miller III,Mr@gmail.com,1212121212,New Cherylton,Ecuador
150,Melissa Moran,Melissa@gmail.com,1212121212,Lake Tonya,Lebanon
151,Tina Silva,Tina@gmail.com,1212121212,Delgadoton,Turks and Caicos Islands
152,Alexis Castro,Alexis@gmail.com,1212121212,Lake Jared,Jersey
153,Matthew Gardner,Matthew@gmail.com,1212121212,Gentryfort,Mozambique
154,Peter Greene,Peter@gmail.com,1212121212,Port Michael,Sri Lanka
155,Julie Mcintyre,Julie@gmail.com,1212121212,West Dakotaport,Heard Island and McDonald Islands
156,Glen Perez,Glen@gmail.com,1212121212,North Joseph,United States Virgin Islands
157,Shawn Allen Jr.,Shawn@gmail.com,1212121212,Port Bruce,Sri Lanka
158,Gina Schultz,Gina@gmail.com,1212121212,Kennethville,Bermuda
159,Jonathan Scott,Jonathan@gmail.com,1212121212,Williamsborough,Myanmar
160,Terry Torres,Terry@gmail.com,1212121212,East Virginiashire,Mayotte
161,Ryan Howard,Ryan@gmail.com,1212121212,New Taylorstad,Myanmar
162,Lisa Hayes,Lisa@gmail.com,1212121212,New Beverly,Marshall Islands
163,Michelle Esparza,Michelle@gmail.com,1212121212,North Amandastad,Burundi
164,Katherine Gonzalez,Katherine@gmail.com,1212121212,Munozfort,Tokelau
165,Vincent Bender,Vincent@gmail.com,1212121212,New Christine,Monaco
166,Alyssa Zhang,Alyssa@gmail.com,1212121212,West Lindseyton,Netherlands
167,Amy Hahn,Amy@gmail.com,1212121212,North Tannerville,Serbia
168,Valerie Miller,Valerie@gmail.com,1212121212,North Rodney,Papua New Guinea
169,Christopher Lewis,Christopher@gmail.com,1212121212,Tracyborough,Gibraltar
170,Megan Martin,Megan@gmail.com,1212121212,Port Christianberg,Peru
171,Deborah Mcgee,Deborah@gmail.com,1212121212,New Angelafurt,French Polynesia
172,Miguel Jacobs,Miguel@gmail.com,1212121212,Marshallbury,Estonia
173,Russell Thompson,Russell@gmail.com,1212121212,Hallshire,Holy See (Vatican City State)
174,Judith Frye,Judith@gmail.com,1212121212,Dickersonmouth,Lithuania
175,Matthew Henry,Matthew@gmail.com,1212121212,Duranstad,Lesotho
176,Emily Vargas,Emily@gmail.com,1212121212,Aguilarside,Tonga
177,Larry Adams,Larry@gmail.com,1212121212,Lake Julieborough,Cuba
178,Jackie Rodgers,Jackie@gmail.com,1212121212,Port Jason,Ghana
179,William Cameron,William@gmail.com,1212121212,Sanchezport,Mexico
180,Charlene Arroyo,Charlene@gmail.com,1212121212,Wilsonstad,Slovenia
181,Christopher Guzman,Christopher@gmail.com,1212121212,Lake Yvonne,Nepal
182,Christine Lewis,Christine@gmail.com,1212121212,Port Justin,Bahrain
183,Thomas Mendoza,Thomas@gmail.com,1212121212,Watsonfort,Andorra
184,Janice Henson,Janice@gmail.com,1212121212,East Loriborough,Wallis and Futuna
185,Jacob Miller,Jacob@gmail.com,1212121212,Maryville,Pakistan
186,Kristina Kaiser,Kristina@gmail.com,1212121212,Gonzalesview,Marshall Islands
187,Brenda Thomas,Brenda@gmail.com,1212121212,West Nathan,Ecuador
188,David Nelson,David@gmail.com,1212121212,Lake Jane,Macao
189,Patricia Hughes,Patricia@gmail.com,1212121212,Pennyland,Denmark
190,Victoria Taylor,Victoria@gmail.com,1212121212,Nelsonton,Ukraine
191,Jennifer Lopez,Jennifer@gmail.com,1212121212,North Emily,Libyan Arab Jamahiriya
192,Scott Lee,Scott@gmail.com,1212121212,East Tracystad,United States Minor Outlying Islands
193,Mrs. Sarah Weaver,Mrs@gmail.com,1212121212,Alvaradochester,Montserrat
194,Beth Mcguire,Beth@gmail.com,1212121212,New Katherine,Paraguay
195,Brandy Ortega,Brandy@gmail.com,1212121212,Port Nicoleview,Belgium
196,Jeremy Pena,Jeremy@gmail.com,1212121212,Perrytown,New Caledonia
197,Nancy Dennis,Nancy@gmail.com,1212121212,Dominiqueview,Bhutan
198,Jose Lee,Jose@gmail.com,1212121212,East Erikatown,Iran
199,Howard Frazier,Howard@gmail.com,1212121212,Wellsland,Tunisia
200,Tommy Colon,Tommy@gmail.com,1212121212,Parkerborough,Isle of Man
201,Marie Mason,Marie@gmail.com,1212121212,Port David,Svalbard & Jan Mayen Islands
202,Andrew Robinson,Andrew@gmail.com,1212121212,Jessicaport,Cayman Islands
203,Carl Jackson,Carl@gmail.com,1212121212,West Kimberlyborough,Swaziland
204,Ryan Mendoza,Ryan@gmail.com,1212121212,West Kim,Argentina
205,Michael Johnson,Michael@gmail.com,1212121212,Mooreburgh,Mali
206,Paul Morales,Paul@gmail.com,1212121212,Gonzalestown,Vietnam
207,Wesley Parks,Wesley@gmail.com,1212121212,Angelaside,Mali
208,Erica Walker,Erica@gmail.com,1212121212,Reeseville,Guadeloupe
209,Lindsey Roberts,Lindsey@gmail.com,1212121212,Lambertfort,Armenia
210,Jennifer Crosby,Jennifer@gmail.com,1212121212,Alanton,Russian Federation
211,Sarah Cameron,Sarah@gmail.com,1212121212,West Blake,Guyana
212,Gabriel Dillon,Gabriel@gmail.com,1212121212,Morenoview,Malawi
213,Terry Becker,Terry@gmail.com,1212121212,Port Colleenside,Chad
214,Kayla Novak,Kayla@gmail.com,1212121212,New Monicastad,Comoros
215,Heidi Kennedy DDS,Heidi@gmail.com,1212121212,Port Heather,Saint Lucia
216,Todd Morris,Todd@gmail.com,1212121212,New Lisa,Tokelau
217,Annette Garcia,Annette@gmail.com,1212121212,Melissaside,San Marino
218,Louis Gibson,Louis@gmail.com,1212121212,East Lisaside,United Arab Emirates
219,Crystal Rios,Crystal@gmail.com,1212121212,Port Richardstad,Bahrain
220,Jennifer Booker,Jennifer@gmail.com,1212121212,Katietown,Malawi
221,Robert Perkins,Robert@gmail.com,1212121212,New Ronaldbury,Greenland
222,Susan Hughes,Susan@gmail.com,1212121212,New Julieville,Estonia
223,Michael Hill,Michael@gmail.com,1212121212,West Amber,Israel
224,David Collins,David@gmail.com,1212121212,South Victoriaport,Liechtenstein
225,Carol Petersen,Carol@gmail.com,1212121212,East Jeremyside,Czech Republic
226,Andrew Farmer,Andrew@gmail.com,1212121212,East Cory,Nicaragua
227,Amber Friedman,Amber@gmail.com,1212121212,East Amy,Chile
228,Jordan Warner,Jordan@gmail.com,1212121212,New Joehaven,Mexico
229,Carl Smith,Carl@gmail.com,1212121212,Lake Samantha,Algeria
230,Kristina Vaughan,Kristina@gmail.com,1212121212,East Williamberg,Falkland Islands (Malvinas)
231,Erika Campbell,Erika@gmail.com,1212121212,Lake Anthonyland,Croatia
232,John Scott,John@gmail.com,1212121212,Port Paulshire,New Zealand
233,Jessica Hopkins,Jessica@gmail.com,1212121212,Jamesland,Spain
234,Timothy Simon,Timothy@gmail.com,1212121212,New Jennifer,Algeria
235,Robert Myers,Robert@gmail.com,1212121212,Ortizfurt,Falkland Islands (Malvinas)
236,Cassandra Cole,Cassandra@gmail.com,1212121212,Port Erinberg,Iraq
237,Clinton Smith,Clinton@gmail.com,1212121212,Brandontown,Somalia
238,Tara Gregory,Tara@gmail.com,1212121212,Andreland,Gambia
239,Gabriela Smith,Gabriela@gmail.com,1212121212,Hopkinsport,Solomon Islands
240,David Donovan,David@gmail.com,1212121212,West Justin,Slovakia (Slovak Republic)
241,Kathryn Fitzgerald,Kathryn@gmail.com,1212121212,West Maria,Swaziland
242,Linda Smith,Linda@gmail.com,1212121212,South Deborahville,Armenia
243,Jacob French,Jacob@gmail.com,1212121212,Crystalborough,Korea
244,Calvin Clarke,Calvin@gmail.com,1212121212,North Christinetown,Iran
245,Denise Hall,Denise@gmail.com,1212121212,East Wyattchester,Mauritius
246,Vincent Duncan,Vincent@gmail.com,1212121212,Moodyville,China
247,Katherine Mooney,Katherine@gmail.com,1212121212,Johnsonport,Senegal
248,Sarah Rojas,Sarah@gmail.com,1212121212,Justinfurt,South Africa
249,Jill Sanders,Jill@gmail.com,1212121212,Williamstad,Isle of Man
250,Jennifer Tran,Jennifer@gmail.com,1212121212,Emilymouth,Switzerland
251,Riley Diaz,Riley@gmail.com,1212121212,Reneestad,Kuwait
252,Jennifer Ochoa,Jennifer@gmail.com,1212121212,Longside,Puerto Rico
253,Victoria Camacho,Victoria@gmail.com,1212121212,New Stacey,Russian Federation
254,Michael Ellis,Michael@gmail.com,1212121212,Port Austinview,Kyrgyz Republic
255,Jeffery Lewis,Jeffery@gmail.com,1212121212,Angelastad,Dominican Republic
256,Claudia White,Claudia@gmail.com,1212121212,Ericaburgh,Kuwait
257,Jennifer Parrish,Jennifer@gmail.com,1212121212,East Monique,Botswana
258,Alexis Atkins,Alexis@gmail.com,1212121212,East Stevenfort,Micronesia
259,Mandy Riley,Mandy@gmail.com,1212121212,West Kimberly,Puerto Rico
260,Christopher Lewis,Christopher@gmail.com,1212121212,Lake Shawn,Swaziland
261,Paul Waters,Paul@gmail.com,1212121212,Amandamouth,Fiji
262,Amanda Kramer,Amanda@gmail.com,1212121212,Kellermouth,Egypt
263,Shelby Wells,Shelby@gmail.com,1212121212,East Noah,Portugal
264,Shannon Smith,Shannon@gmail.com,1212121212,Diazchester,Turkey
265,Daniel Powers,Daniel@gmail.com,1212121212,West John,Sierra Leone
266,Abigail Newman,Abigail@gmail.com,1212121212,Martintown,Sudan
267,Mr. Jamie Rosario,Mr@gmail.com,1212121212,Nicoleshire,Djibouti
268,Mark Ward,Mark@gmail.com,1212121212,East Shaun,Macao
269,Kelli Bishop,Kelli@gmail.com,1212121212,Port Jasonview,Jersey
270,Casey Brown,Casey@gmail.com,1212121212,North Andrew,Congo
271,Elijah Baker,Elijah@gmail.com,1212121212,Jeffreybury,Comoros
272,Kimberly Jackson,Kimberly@gmail.com,1212121212,New Dorothytown,Azerbaijan
273,Janet Hobbs,Janet@gmail.com,1212121212,Mcguireton,Australia
274,Jeffery Zimmerman,Jeffery@gmail.com,1212121212,West Robertport,Indonesia
275,Kevin Collins,Kevin@gmail.com,1212121212,Thomaschester,San Marino
276,Christopher Mccullough,Christopher@gmail.com,1212121212,Port Amandahaven,Jersey
277,Julie Stewart,Julie@gmail.com,1212121212,Smithmouth,British Indian Ocean Territory (Chagos Archipelago)
278,Miss Catherine Simon,Miss@gmail.com,1212121212,Mindytown,Belgium
279,Madison Stevens,Madison@gmail.com,1212121212,Baldwinfurt,Jersey
280,William Payne,William@gmail.com,1212121212,West Adrienneton,Reunion
281,Jasmin Sullivan,Jasmin@gmail.com,1212121212,Ellistown,Equatorial Guinea
282,Jamie Cruz,Jamie@gmail.com,1212121212,Lake Amber,Zambia
283,Craig Berger,Craig@gmail.com,1212121212,Sparksberg,Pitcairn Islands
284,Lisa Powers,Lisa@gmail.com,1212121212,Garnertown,Uzbekistan
285,Phillip Allen,Phillip@gmail.com,1212121212,Kelseyfort,Micronesia
286,Jennifer Thomas,Jennifer@gmail.com,1212121212,East Hunterview,Palau
287,Alexander Scott,Alexander@gmail.com,1212121212,Matthewfurt,El Salvador
288,Joshua Page,Joshua@gmail.com,1212121212,East Kyle,Bangladesh
289,Jason Cox,Jason@gmail.com,1212121212,West Ricky,Marshall Islands
290,Ronald Jordan,Ronald@gmail.com,1212121212,Leonardport,Fiji
291,Susan Cline,Susan@gmail.com,1212121212,Ericfurt,Lithuania
292,Michael Maldonado,Michael@gmail.com,1212121212,Donnatown,Slovakia (Slovak Republic)
293,Amy Hill,Amy@gmail.com,1212121212,Padillaville,Turkmenistan
294,Sarah Williams,Sarah@gmail.com,1212121212,Barbarahaven,United Kingdom
295,Diana Davis,Diana@gmail.com,1212121212,Christophertown,Antigua and Barbuda
296,William Cook,William@gmail.com,1212121212,Jamesbury,Bolivia
297,Dominic Jenkins,Dominic@gmail.com,1212121212,Yvonneside,Svalbard & Jan Mayen Islands
298,William Walters,William@gmail.com,1212121212,South Heather,Austria
299,Sara Johnson,Sara@gmail.com,1212121212,Joshualand,Nicaragua
300,David Lopez,David@gmail.com,1212121212,Zacharyfort,Bouvet Island (Bouvetoya)
301,Ashley Powers,Ashley@gmail.com,1212121212,West Danny,Pitcairn Islands
302,Anthony Simmons,Anthony@gmail.com,1212121212,East Sandra,Micronesia
303,Curtis Winters,Curtis@gmail.com,1212121212,Davidburgh,Qatar
304,Patrick Henderson,Patrick@gmail.com,1212121212,East Amandaport,Lao People's Democratic Republic
305,Sean Brooks,Sean@gmail.com,1212121212,Phillipsbury,Cyprus
306,Dominique Turner,Dominique@gmail.com,1212121212,Rogersborough,Djibouti
307,Eric Jimenez,Eric@gmail.com,1212121212,West Robinport,Sweden
308,Adam Grant,Adam@gmail.com,1212121212,South Christina,Bangladesh
309,Paige Mendez DVM,Paige@gmail.com,1212121212,New Melissahaven,Slovakia (Slovak Republic)
310,Natasha Owens,Natasha@gmail.com,1212121212,Bradleyburgh,Tonga
311,Stephen Jones,Stephen@gmail.com,1212121212,Jonesmouth,Italy
312,Jason Bell,Jason@gmail.com,1212121212,Taylorfurt,Somalia
313,Walter Owens,Walter@gmail.com,1212121212,Clarkmouth,Senegal
314,Tiffany Brewer,Tiffany@gmail.com,1212121212,New Laura,Mongolia
315,Kimberly Gallagher,Kimberly@gmail.com,1212121212,West Steven,Netherlands
316,Katelyn Rhodes,Katelyn@gmail.com,1212121212,Rothshire,Mauritania
317,Richard Mclaughlin,Richard@gmail.com,1212121212,Bestbury,Somalia
318,Jeffrey Howard,Jeffrey@gmail.com,1212121212,New Kylefurt,Saint Martin
319,Randy Oliver,Randy@gmail.com,1212121212,Adrianafort,Sudan
320,Courtney Ray,Courtney@gmail.com,1212121212,Josephstad,Honduras
321,Robert Pearson,Robert@gmail.com,1212121212,New Robertoshire,Niger
322,John Foster,John@gmail.com,1212121212,Novakland,Andorra
323,Justin Roberson,Justin@gmail.com,1212121212,Lake Brittany,Barbados
324,Sarah Powell,Sarah@gmail.com,1212121212,Kaylatown,Guyana
325,Sandra Booker,Sandra@gmail.com,1212121212,Matthewport,Uruguay
326,Barbara Rodriguez,Barbara@gmail.com,1212121212,Williamsfurt,Papua New Guinea
327,Jonathon Strickland,Jonathon@gmail.com,1212121212,Bakerton,Dominica
328,Victoria Dixon,Victoria@gmail.com,1212121212,Annhaven,French Polynesia
329,Henry Robinson,Henry@gmail.com,1212121212,Port Alicia,China
330,Catherine Short,Catherine@gmail.com,1212121212,Derekberg,Kenya
331,Allison Nguyen,Allison@gmail.com,1212121212,Paulashire,Bulgaria
332,Robert Rodriguez,Robert@gmail.com,1212121212,New Kimberlyville,British Virgin Islands
333,Ashley Larsen,Ashley@gmail.com,1212121212,Port Aaronstad,Papua New Guinea
334,Justin Spencer,Justin@gmail.com,1212121212,Christopherchester,South Africa
335,John Delacruz,John@gmail.com,1212121212,Port Timothy,Monaco
336,John Clark,John@gmail.com,1212121212,New Michael,Svalbard & Jan Mayen Islands
337,Eric Lyons,Eric@gmail.com,1212121212,Joannahaven,Panama
338,Robert Clark,Robert@gmail.com,1212121212,Lake Charleshaven,Macao
339,Taylor Browning,Taylor@gmail.com,1212121212,Petertown,Spain
340,Mr. Frederick Harrison,Mr@gmail.com,1212121212,Darlenehaven,Lebanon
341,Robert Brooks,Robert@gmail.com,1212121212,Lake Sarahside,Finland
342,Jennifer White,Jennifer@gmail.com,1212121212,Port Rebecca,Pitcairn Islands
343,Michael Garcia,Michael@gmail.com,1212121212,Emilymouth,Russian Federation
344,Stephanie Curry,Stephanie@gmail.com,1212121212,Port Anna,Kyrgyz Republic
345,Jordan Mcguire,Jordan@gmail.com,1212121212,Taylormouth,Cuba
346,James Stuart,James@gmail.com,1212121212,South Mariaside,Turks and Caicos Islands
347,Kristin Montoya,Kristin@gmail.com,1212121212,Port Theresa,Guernsey
348,George Wright,George@gmail.com,1212121212,New Marie,Korea
349,Rebecca Buckley,Rebecca@gmail.com,1212121212,East Marymouth,Malawi
350,Katie Lang,Katie@gmail.com,1212121212,Lake Anthony,Belgium
351,Dr. Jessica Perez,Dr@gmail.com,1212121212,Rojasmouth,Saint Barthelemy
352,Jason Robinson,Jason@gmail.com,1212121212,Victoriafurt,French Guiana
353,Steven Bryant,Steven@gmail.com,1212121212,Lake Paul,Barbados
354,Melissa Frazier,Melissa@gmail.com,1212121212,Lake Amyfort,Afghanistan
355,Yvonne Miles,Yvonne@gmail.com,1212121212,West Cynthiaview,Aruba
356,Jessica Mays,Jessica@gmail.com,1212121212,North Aaronton,Morocco
357,Austin Shea,Austin@gmail.com,1212121212,Port Jeffreybury,San Marino
358,Luis Stafford,Luis@gmail.com,1212121212,Lake Robert,Qatar
359,Patricia Lowe,Patricia@gmail.com,1212121212,North Danafurt,Luxembourg
360,Ryan Hernandez,Ryan@gmail.com,1212121212,Stephanieberg,Saint Pierre and Miquelon
361,Brett Henderson,Brett@gmail.com,1212121212,Leeview,Liberia
362,Ruth Young,Ruth@gmail.com,1212121212,North Mallorytown,United States Minor Outlying Islands
363,Barbara Knight,Barbara@gmail.com,1212121212,Shellyhaven,Georgia
364,Steven Miller,Steven@gmail.com,1212121212,North Keith,Papua New Guinea
365,Samantha Callahan,Samantha@gmail.com,1212121212,Popeberg,Anguilla
366,Katrina Diaz,Katrina@gmail.com,1212121212,Fishermouth,Samoa
367,Nichole Velez,Nichole@gmail.com,1212121212,Keithberg,Uruguay
368,Kristen Green,Kristen@gmail.com,1212121212,West John,Iran
369,Angela Maynard,Angela@gmail.com,1212121212,Milesmouth,India
370,Peter Smith,Peter@gmail.com,1212121212,North Carolyn,Jersey
371,Michael Dodson,Michael@gmail.com,1212121212,Courtneymouth,Grenada
372,Carolyn Perez,Carolyn@gmail.com,1212121212,Adkinsview,Macedonia
373,Lori Diaz,Lori@gmail.com,1212121212,Mallorymouth,Eritrea
374,Joseph Mcmahon,Joseph@gmail.com,1212121212,Lake Mary,Reunion
375,Bonnie Mcdonald,Bonnie@gmail.com,1212121212,South Dianafurt,Myanmar
376,Rebecca Perez,Rebecca@gmail.com,1212121212,Michelleview,Sri Lanka
377,Mark Wilson,Mark@gmail.com,1212121212,North Juan,Antigua and Barbuda
378,Renee Clay,Renee@gmail.com,1212121212,Bowmanport,Moldova
379,Colleen Navarro,Colleen@gmail.com,1212121212,Russellshire,Belarus
380,Ashley Hernandez,Ashley@gmail.com,1212121212,Jenniferfurt,Japan
381,Rita Wallace,Rita@gmail.com,1212121212,Lake Eric,Zimbabwe
382,Alyssa Cuevas,Alyssa@gmail.com,1212121212,Lake Victormouth,Serbia
383,Cynthia Stephens,Cynthia@gmail.com,1212121212,North Brian,Puerto Rico
384,Molly Murphy,Molly@gmail.com,1212121212,Sawyerchester,Korea
385,Joshua Rodriguez,Joshua@gmail.com,1212121212,Charleston,Palestinian Territory
386,Jacob Fernandez,Jacob@gmail.com,1212121212,East Lisashire,Micronesia
387,Austin Baxter,Austin@gmail.com,1212121212,Bellfurt,Uganda
388,Amy Peterson,Amy@gmail.com,1212121212,Wellstown,Niger
389,Andrew Wilson,Andrew@gmail.com,1212121212,North Nicholasmouth,Guinea-Bissau
390,Danielle Parsons,Danielle@gmail.com,1212121212,Port Jessica,Brunei Darussalam
391,Rachel Phillips,Rachel@gmail.com,1212121212,Chelseachester,Serbia
392,Jacob Kelley,Jacob@gmail.com,1212121212,Ravenberg,Macao
393,Brian Thompson,Brian@gmail.com,1212121212,Banksshire,Tokelau
394,Amy Hunt,Amy@gmail.com,1212121212,Ericborough,Aruba
395,Deborah Weber,Deborah@gmail.com,1212121212,North Dana,Equatorial Guinea
396,Billy Ochoa,Billy@gmail.com,1212121212,Samanthaburgh,Andorra
397,Anthony Ortiz,Anthony@gmail.com,1212121212,Michaelfort,Nicaragua
398,Ashley Castro,Ashley@gmail.com,1212121212,Leeport,Swaziland
399,Christopher Williams,Christopher@gmail.com,1212121212,Cherylport,Macedonia
400,Brooke Kline,Brooke@gmail.com,1212121212,New James,Georgia
401,Karla Guerrero,Karla@gmail.com,1212121212,Dustinview,Argentina
402,Timothy Lane,Timothy@gmail.com,1212121212,South Heather,Turkey
403,Robert Blair,Robert@gmail.com,1212121212,Josephfurt,United States Virgin Islands
404,Daniel Sanford,Daniel@gmail.com,1212121212,Lake Stevenhaven,French Southern Territories
405,Levi Pierce,Levi@gmail.com,1212121212,Dayburgh,Bouvet Island (Bouvetoya)
406,Laura Fox,Laura@gmail.com,1212121212,New Theresa,Guadeloupe
407,Mr. David Cox,Mr@gmail.com,1212121212,West Anthony,New Zealand
408,Jacob Cox,Jacob@gmail.com,1212121212,Robertburgh,San Marino
409,Heather Hamilton,Heather@gmail.com,1212121212,Davidshire,Croatia
410,Breanna Gonzalez,Breanna@gmail.com,1212121212,Andrewberg,Sierra Leone
411,Matthew Meyer,Matthew@gmail.com,1212121212,West Christopher,Benin
412,Erik Wang,Erik@gmail.com,1212121212,New Desireebury,United Kingdom
413,Gregory Joseph,Gregory@gmail.com,1212121212,Fletcherview,Algeria
414,Nathan Robbins,Nathan@gmail.com,1212121212,East Tylertown,Bolivia
415,Molly Robinson,Molly@gmail.com,1212121212,South Kathleen,Cuba
416,Sheila Coleman,Sheila@gmail.com,1212121212,South Connie,Bangladesh
417,Gary Blair,Gary@gmail.com,1212121212,Lake Paul,Armenia
418,Aaron Clark,Aaron@gmail.com,1212121212,Thomashaven,Fiji
419,Shaun Fernandez,Shaun@gmail.com,1212121212,Wrightburgh,Malaysia
420,Matthew Hall,Matthew@gmail.com,1212121212,Lake Zachary,Suriname
421,Joy Fisher,Joy@gmail.com,1212121212,West Rogerview,Tuvalu
422,Daniel Brown,Daniel@gmail.com,1212121212,Villarrealland,Pakistan
423,Dr. Laurie Trevino,Dr@gmail.com,1212121212,Amberton,Saint Barthelemy
424,Jason Villegas,Jason@gmail.com,1212121212,Fieldsland,Senegal
425,Kim Wang,Kim@gmail.com,1212121212,Janicemouth,Turkey
426,Carla Webb,Carla@gmail.com,1212121212,Jasonmouth,Gabon
427,Bryan Moore,Bryan@gmail.com,1212121212,Blackchester,Norfolk Island
428,Peter Krueger,Peter@gmail.com,1212121212,New Lawrenceton,Zimbabwe
429,Ms. Nicole Lee,Ms@gmail.com,1212121212,West Ethan,Saint Barthelemy
430,Mrs. Natalie Hopkins DDS,Mrs@gmail.com,1212121212,West Sarah,United States Virgin Islands
431,Laura Duarte,Laura@gmail.com,1212121212,West Kimberlyhaven,Finland
432,Gary Kaiser,Gary@gmail.com,1212121212,South David,Saint Kitts and Nevis
433,Kimberly Smith,Kimberly@gmail.com,1212121212,East Raymond,Indonesia
434,Denise Chapman,Denise@gmail.com,1212121212,Garcialand,Cote d'Ivoire
435,Molly Diaz,Molly@gmail.com,1212121212,Brandonside,Seychelles
436,Laura Wiggins,Laura@gmail.com,1212121212,Sherryport,Tokelau
437,Jennifer Clark,Jennifer@gmail.com,1212121212,Jamesville,British Indian Ocean Territory (Chagos Archipelago)
438,Manuel Lewis,Manuel@gmail.com,1212121212,Brendatown,Heard Island and McDonald Islands
439,Paul Heath,Paul@gmail.com,1212121212,East Shannonview,Isle of Man
440,Lindsay Reynolds,Lindsay@gmail.com,1212121212,Port Manuelfurt,Belgium
441,Steven Matthews,Steven@gmail.com,1212121212,Lake Sharonville,Senegal
442,Andrew Collins,Andrew@gmail.com,1212121212,West Sheri,Guatemala
443,Michael Young,Michael@gmail.com,1212121212,Lake Tannerton,United Arab Emirates
444,Nicolas Joseph,Nicolas@gmail.com,1212121212,Lindaburgh,Congo
445,Dr. Susan Nichols,Dr@gmail.com,1212121212,East Lisaberg,Netherlands Antilles
446,Michelle Stevens,Michelle@gmail.com,1212121212,Wagnerfurt,Romania
447,Rachel Jones,Rachel@gmail.com,1212121212,Brendafurt,Central African Republic
448,Sandra Coleman,Sandra@gmail.com,1212121212,Lake Karenmouth,Netherlands Antilles
449,Ian Lopez,Ian@gmail.com,1212121212,North Ashleyside,Guyana
450,Cynthia Walker,Cynthia@gmail.com,1212121212,Lake Robertfort,Yemen
451,Kimberly Thomas,Kimberly@gmail.com,1212121212,New Ruben,Tajikistan
452,Anne Dean,Anne@gmail.com,1212121212,Jonathanberg,Heard Island and McDonald Islands
453,Paula Harris,Paula@gmail.com,1212121212,Reginaside,Saint Kitts and Nevis
454,Debra Park,Debra@gmail.com,1212121212,Phillipsmouth,Isle of Man
455,Travis Wells,Travis@gmail.com,1212121212,New David,Moldova
456,Jennifer Fowler,Jennifer@gmail.com,1212121212,Carlsonfort,Ireland
457,Alexis Gallegos,Alexis@gmail.com,1212121212,Conniefort,Lesotho
458,Steven Stone,Steven@gmail.com,1212121212,Ashleytown,Maldives
459,Susan Wilson,Susan@gmail.com,1212121212,Jeffreystad,Niger
460,Samuel Daniels,Samuel@gmail.com,1212121212,Codyton,Benin
461,Beth Gomez,Beth@gmail.com,1212121212,Hollyhaven,Myanmar
462,Tonya Arnold,Tonya@gmail.com,1212121212,Nelsonmouth,Japan
463,Nicholas Harris,Nicholas@gmail.com,1212121212,Davistown,Canada
464,Ryan Lara,Ryan@gmail.com,1212121212,Port Jameschester,Chad
465,Benjamin Wallace,Benjamin@gmail.com,1212121212,Schroederton,Botswana
466,Daniel Gonzalez,Daniel@gmail.com,1212121212,Hoovermouth,Fiji
467,Ryan Love,Ryan@gmail.com,1212121212,Leestad,Anguilla
468,Kristin Hall,Kristin@gmail.com,1212121212,Underwoodfurt,Cuba
469,Jeffrey Shannon,Jeffrey@gmail.com,1212121212,New Carlosbury,Malta
470,Amanda Morton,Amanda@gmail.com,1212121212,Marktown,Antigua and Barbuda
471,Dylan Garcia,Dylan@gmail.com,1212121212,Hallfort,Turkey
472,John Maxwell,John@gmail.com,1212121212,Nolanstad,Cuba
473,William Burns,William@gmail.com,1212121212,South Kristyville,Netherlands
474,Debbie Sampson,Debbie@gmail.com,1212121212,Christopherburgh,Bahamas
475,Dylan Bell,Dylan@gmail.com,1212121212,North Aaron,Guam
476,James Martin,James@gmail.com,1212121212,North James,Yemen
477,Christina Mitchell,Christina@gmail.com,1212121212,Bridgestown,Trinidad and Tobago
478,Hannah Drake,Hannah@gmail.com,1212121212,Deannabury,Faroe Islands
479,Stacey Adams,Stacey@gmail.com,1212121212,Clintonmouth,Iceland
480,Edgar Frost,Edgar@gmail.com,1212121212,Jonathanhaven,Saudi Arabia
481,Robert Salas,Robert@gmail.com,1212121212,Schultzchester,Denmark
482,Marc Nash,Marc@gmail.com,1212121212,Davidton,French Guiana
483,David Watson,David@gmail.com,1212121212,New Josephtown,Equatorial Guinea
484,Christine Maldonado,Christine@gmail.com,1212121212,Smithborough,Chile
485,Stacey Flores,Stacey@gmail.com,1212121212,East Michaelfurt,Saint Helena
486,Vanessa Gaines,Vanessa@gmail.com,1212121212,Rodriguezmouth,Wallis and Futuna
487,John Wood,John@gmail.com,1212121212,Richardsonville,New Caledonia
488,Kristine Kim,Kristine@gmail.com,1212121212,Lake Robert,Nigeria
489,Jennifer Murray,Jennifer@gmail.com,1212121212,South Ashleychester,Zimbabwe
490,Thomas Garcia,Thomas@gmail.com,1212121212,West Monicabury,Argentina
491,Ronald Osborn,Ronald@gmail.com,1212121212,Lake Benjamin,Cameroon
492,Matthew Williams,Matthew@gmail.com,1212121212,Rebeccafurt,Somalia
493,Matthew Johnson,Matthew@gmail.com,1212121212,Kirstenborough,Israel
494,Susan Hicks,Susan@gmail.com,1212121212,East Rebecca,Montenegro
495,Stephen Vasquez,Stephen@gmail.com,1212121212,Hamiltonstad,Rwanda
496,Marcus Murphy,Marcus@gmail.com,1212121212,Smithbury,Guinea-Bissau
497,Jamie Ramirez,Jamie@gmail.com,1212121212,Dianamouth,Slovenia
498,Susan Fuller,Susan@gmail.com,1212121212,Austinbury,Equatorial Guinea
499,Crystal Clements,Crystal@gmail.com,1212121212,East Derekberg,Nicaragua
500,Deborah Griffith,Deborah@gmail.com,1212121212,South Craigfort,Denmark
